Tool Name,Company,VS Code Extension,Marketplace Link,Supported Databases,Free Tier,Pricing (approx),AI Capabilities,Best For
GitHub Copilot + MSSQL Extension,Microsoft / GitHub,Yes - MSSQL Extension,https://marketplace.visualstudio.com/items?itemName=ms-mssql.mssql,SQL Server / Azure SQL,No,$10/mo (Copilot Individual),"Natural language to SQL, query optimization, schema generation & evolution, troubleshoot queries, code-first & data-first patterns",SQL Server and Azure SQL developers
GitHub Copilot + PostgreSQL Extension,Microsoft / GitHub,Yes - PostgreSQL Extension,https://marketplace.visualstudio.com/items?itemName=ms-ossdata.vscode-postgresql,PostgreSQL,No,$10/mo (Copilot Individual),"@pgsql chat participant, context-aware IntelliSense, AI query drafting, schema management, saved 20-30 hrs/week in teams",PostgreSQL developers using Copilot
AI2SQL,AI2SQL,Yes,https://marketplace.visualstudio.com/items?itemName=MustafaErgisi.sql-generator,"MySQL, PostgreSQL, SQL Server, SQLite, Oracle",Yes (limited),Freemium,"Natural language to SQL conversion using GPT, handles complex joins and nested queries without writing syntax",Analysts and devs who want fast SQL from plain English
MongoDB for VS Code + Copilot,MongoDB / Microsoft,Yes,https://marketplace.visualstudio.com/items?itemName=mongodb.mongodb-vscode,MongoDB (NoSQL),Yes,Free extension + Copilot required,"AI /query command: natural language to MongoDB query, /schema for collection schema, /docs for MongoDB documentation answers, query translation across languages",MongoDB developers
Snowflake Extension for VS Code,Snowflake,Yes,https://marketplace.visualstudio.com/items?itemName=snowflake.snowflake-vsc,Snowflake,Yes (free extension),Free (Snowflake account needed),"AI-assisted SQL authoring, query execution, result viewing, Cortex AI integration for intelligent query suggestions",Snowflake data engineers and analysts
Supabase VS Code Extension,Supabase,Yes,https://marketplace.visualstudio.com/items?itemName=Supabase.vscode-supabase-extension,"PostgreSQL (via Supabase), pgvector",Yes,Free (Supabase account needed),"GitHub Copilot integration, schema management, pgvector AI/RAG app support, edge function management",Developers building AI-powered apps with Supabase
Prisma VS Code Extension,Prisma,Yes,https://marketplace.visualstudio.com/items?itemName=Prisma.prisma,"PostgreSQL, MySQL, SQLite, SQL Server, MongoDB",Yes,Free,"Schema syntax highlighting, auto-completion, jump-to-definition, migration management from VS Code, Copilot agent mode support, AI-safe destructive command checks",Full-stack devs using Prisma ORM
Oracle SQL Developer Extension,Oracle,Yes,https://marketplace.visualstudio.com/items?itemName=Oracle.sql-developer,"Oracle Database, MySQL",Yes (free extension),Free (Oracle account needed),"Dynamic agentic AI workflow, AI executes and validates SQL in real time, SQLcl MCP integration for AI-assisted query generation and iteration",Oracle and enterprise database developers
Amazon Q Developer,Amazon / AWS,Yes,https://marketplace.visualstudio.com/items?itemName=AmazonWebServices.amazon-q-vscode,"AWS RDS (MySQL, PostgreSQL, Aurora), DynamoDB, Redshift",Yes,$19/mo (Pro),"Natural language to SQL for AWS databases, code generation with DB context, security scanning, inline chat for query assistance",AWS-native developers working with RDS or Redshift
QueryCanvas,Open Source (okuyamashin),Yes - Cursor/VS Code,https://github.com/okuyamashin/querycanvas,"MySQL, PostgreSQL, SQLite",Yes,Free (open source),"AI-powered database client inside VS Code, smart SQL formatting, customizable result display, natural language query generation",Developers wanting a lightweight AI DB client in VS Code
